object,pred_locations,rr,ap@1,ap@3,ap@5,rec@1,rec@3,rec@5
action figure,"['bedroom', 'playroom', 'living room', 'closet', 'attic']",1.0,1.0,1.0,1.0,0.058823529411764705,0.17647058823529413,0.23529411764705882
adjustable wrench,"['garage', 'toolbox', 'basement', 'workshop', 'storage closet', 'laundry room']",1.0,1.0,1.0,1.0,0.058823529411764705,0.058823529411764705,0.058823529411764705
alarmclock,"['bedside table', 'bedroom dresser', 'nightstand', 'closet', 'kitchen counter']",0.0,0.0,0.0,0.0,0.0,0.0,0.0
aluminumfoil,"['kitchen drawers', 'kitchen cabinets', 'pantry', 'on countertops', 'under the sink', 'garage or storage areas']",0.0,0.0,0.0,0.0,0.0,0.0,0.0
android figure,"['desk', 'shelf', 'floor', 'table', 'closet', 'bedroom', 'living room', 'office', 'storage room']",0.2,0.0,0.0,0.2,0.0,0.0,0.058823529411764705
anti slip tape,"['bathrooms', 'stairs', 'kitchens', 'floors near entryways', 'garages']",0.0,0.0,0.0,0.0,0.0,0.0,0.0
antidepressant,"['medicine cabinet', 'bathroom counter', 'bedroom nightstand', 'kitchen cabinet', 'refrigerator.']",0.0,0.0,0.0,0.0,0.0,0.0,0.0
apple,"['kitchen counter', 'kitchen table', 'refrigerator', 'fruit bowl', 'dining table', 'pantry']",0.0,0.0,0.0,0.0,0.0,0.0,0.0
armchair,"['living room', 'bedroom', 'study', 'lounge', 'den']",1.0,1.0,1.0,1.0,0.5,1.0,1.0
backpack,"['entryway', 'closet', 'bedroom', 'living room', 'hallway', 'garage']",0.5,0.0,0.5833333333333333,0.6388888888888888,0.0,0.11764705882352941,0.17647058823529413
balancing cactus,"['living room', 'bedroom', 'office', 'hallway', 'entryway']",1.0,1.0,1.0,1.0,0.058823529411764705,0.11764705882352941,0.11764705882352941
banana,"['kitchen counter', 'kitchen table', 'fruit bowl', 'pantry', 'refrigerator']",0.0,0.0,0.0,0.0,0.0,0.0,0.0
baseball,"['playroom', 'garage', 'backyard', 'closet', 'living room']",1.0,1.0,1.0,0.6875,0.058823529411764705,0.11764705882352941,0.23529411764705882
baseballbat,"['garage', 'closet', 'attic', 'basement', 'living room']",0.0,0.0,0.0,0.0,0.0,0.0,0.0
basketball,"['garage', 'backyard', 'basement', 'living room', 'bedroom']",0.2,0.0,0.0,0.0,0.0,0.0,0.0
bat,"['attic', 'garage', 'basement', 'closet', 'bedroom']",1.0,1.0,1.0,1.0,1.0,1.0,1.0
bath sheet,"['bathroom', 'linen closet', 'laundry room', 'bedroom']",1.0,1.0,1.0,0.5,0.058823529411764705,0.058823529411764705,0.11764705882352941
bathtub,"['bathroom', 'ensuite', 'laundry room', 'basement', 'outdoor area']",1.0,1.0,1.0,1.0,1.0,1.0,1.0
bathtubbasin,"['bathroom', 'ensuite', 'laundry room', 'basement', 'outdoor area']",1.0,1.0,1.0,1.0,1.0,1.0,1.0
batter,"['kitchen', 'pantry', 'refrigerator', 'dining room', 'garage']",0.0,0.0,0.0,0.0,0.0,0.0,0.0
battery,"['junk drawer', 'garage', 'closet', 'kitchen counter', 'laundry room', 'bedroom nightstand']",0.5,0.0,0.5833333333333333,0.5833333333333333,0.0,0.11764705882352941,0.11764705882352941
beard color gel,"['bathroom', 'bedroom', 'closet', 'dresser']",1.0,1.0,1.0,1.0,0.058823529411764705,0.17647058823529413,0.17647058823529413
beauty pack,"['bathroom', 'bedroom', 'closet', 'dresser']",1.0,1.0,1.0,1.0,0.058823529411764705,0.17647058823529413,0.17647058823529413
bed,"['bedroom', 'guest room', 'attic', 'basement', 'loft']",1.0,1.0,1.0,1.0,1.0,1.0,1.0
bleach cleanser,"['laundry room', 'kitchen', 'bathroom', 'garage', 'storage closet']",0.5,0.0,0.5833333333333333,0.6388888888888888,0.0,0.11764705882352941,0.17647058823529413
blender jar,"['kitchen counter', 'kitchen cabinet', 'dishwasher', 'pantry', 'storage closet']",0.0,0.0,0.0,0.0,0.0,0.0,0.0
blind,"['windows', 'doors', 'living room', 'bedroom', 'kitchen', 'bathroom']",0.3333333333333333,0.0,0.3333333333333333,0.3333333333333333,0.0,0.3333333333333333,0.3333333333333333
board game,"['living room', 'playroom', 'closet', 'attic', 'garage', 'basement']",1.0,1.0,1.0,0.95,0.058823529411764705,0.17647058823529413,0.23529411764705882
book,"['bookshelf', 'living room', 'bedroom', 'home office', 'coffee table', 'nightstand']",0.5,0.0,0.5833333333333333,0.6388888888888888,0.0,0.11764705882352941,0.17647058823529413
bookend,"['bookshelf', 'living room', 'home office', 'bedroom', 'study']",0.5,0.0,0.5833333333333333,0.6388888888888888,0.0,0.11764705882352941,0.17647058823529413
boot,"['entryway', 'mudroom', 'closet', 'bedroom', 'laundry room']",0.25,0.0,0.0,0.0,0.0,0.0,0.0
bottle,"['kitchen', 'dining room', 'pantry', 'refrigerator', 'cupboard', 'bedroom', 'bathroom']",1.0,1.0,1.0,1.0,1.0,1.0,1.0
bowl,"['kitchen', 'dining room', 'cupboard', 'pantry', 'table', 'countertop']",1.0,1.0,1.0,1.0,0.058823529411764705,0.11764705882352941,0.11764705882352941
box,"['attic', 'garage', 'storage closet', 'basement', 'living room', 'kitchen', 'bedroom', 'office']",0.5,0.0,0.5,0.45,0.0,0.058823529411764705,0.11764705882352941
bread,"['kitchen counter', 'pantry', 'kitchen table', 'dining table', 'bread box']",0.0,0.0,0.0,0.0,0.0,0.0,0.0
bundt pan,"['kitchen cabinets', 'kitchen countertops', 'pantry', 'dining room china cabinet', 'storage closet']",0.0,0.0,0.0,0.0,0.0,0.0,0.0
butter dish,"['kitchen counter', 'kitchen table', 'refrigerator', 'dining table', 'pantry']",0.0,0.0,0.0,0.0,0.0,0.0,0.0
butterknife,"['kitchen drawer', 'kitchen counter', 'dining table', 'silverware organizer', 'utensil holder']",0.0,0.0,0.0,0.0,0.0,0.0,0.0
cabinet,"['kitchen', 'bathroom', 'bedroom', 'living room', 'hallway', 'garage', 'laundry room']",1.0,1.0,1.0,1.0,0.25,0.75,1.0
cake mix,"['pantry', 'kitchen cabinets', 'countertops', 'dining table', 'refrigerator']",0.0,0.0,0.0,0.0,0.0,0.0,0.0
cake pan,"['kitchen', 'pantry', 'cupboard', 'dining room', 'storage room']",1.0,1.0,1.0,0.5,0.058823529411764705,0.058823529411764705,0.17647058823529413
camera,"['living room', 'bedroom', 'office/study', 'closet', 'shelf', 'drawer']",1.0,1.0,1.0,0.9166666666666666,0.058823529411764705,0.11764705882352941,0.17647058823529413
can opener,"['kitchen countertop', 'kitchen drawer', 'pantry', 'cupboard', 'garage', 'basement storage']",0.2,0.0,0.0,0.2,0.0,0.0,0.058823529411764705
candle,"['living room', 'dining room', 'bedroom', 'bathroom', 'hallway', 'kitchen']",1.0,1.0,1.0,0.75,0.5,0.5,0.5
candle holder,"['living room', 'dining room', 'bedroom', 'hallway', 'kitchen']",1.0,1.0,1.0,0.75,0.058823529411764705,0.17647058823529413,0.23529411764705882
candy,"['kitchen', 'pantry', 'living room', 'bedroom', 'dining room']",1.0,1.0,0.8333333333333333,0.6041666666666666,0.05555555555555555,0.1111111111111111,0.2222222222222222
candy bar,"['kitchen counter', 'pantry', 'cupboard', 'bedroom nightstand', 'living room coffee table']",0.0,0.0,0.0,0.0,0.0,0.0,0.0
canister,"['kitchen', 'pantry', 'cupboard', 'storage room', 'garage', 'basement']",1.0,1.0,1.0,0.7000000000000001,0.058823529411764705,0.058823529411764705,0.17647058823529413
card game,"['living room', 'family room', 'game room', 'bedroom', 'closet', 'attic']",1.0,1.0,1.0,0.7000000000000001,0.058823529411764705,0.058823529411764705,0.17647058823529413
carrying case,"['entryway', 'closet', 'bedroom', 'office', 'garage']",0.5,0.0,0.5833333333333333,0.38888888888888884,0.0,0.11764705882352941,0.17647058823529413
casserole dish,"['kitchen', 'dining room', 'cupboard', 'pantry', 'storage room']",1.0,1.0,1.0,0.6666666666666666,0.058823529411764705,0.11764705882352941,0.17647058823529413
cd,"['living room', 'bedroom', 'home office', 'entertainment room', 'closet']",0.5,0.0,0.0,0.0,0.0,0.0,0.0
cellphone,"['living room', 'bedroom', 'kitchen', 'office/study', 'entryway/hallway']",1.0,1.0,1.0,1.0,0.3333333333333333,1.0,1.0
cereal,"['kitchen pantry', 'kitchen cabinets', 'kitchen countertops', 'dining table', 'breakfast nook']",0.0,0.0,0.0,0.0,0.0,0.0,0.0
chain,"['garage', 'toolbox', 'closet', 'basement', 'attic']",1.0,1.0,0.8333333333333333,0.8333333333333333,0.058823529411764705,0.11764705882352941,0.11764705882352941
chair,"['living room', 'dining room', 'kitchen', 'bedroom', 'office/study', 'hallway', 'patio/outdoor area']",1.0,1.0,0.8333333333333333,0.7777777777777777,0.3333333333333333,0.6666666666666666,0.6666666666666666
chocolate,"['kitchen', 'pantry', 'cupboard', 'refrigerator', 'bedroom', 'living room']",1.0,1.0,1.0,0.7,0.058823529411764705,0.058823529411764705,0.11764705882352941
chocolate box,"['kitchen counter', 'pantry', 'dining table', 'living room coffee table', 'bedroom nightstand']",0.0,0.0,0.0,0.0,0.0,0.0,0.0
chocolate milk pods,"['kitchen counter', 'pantry', 'refrigerator', 'cupboard', 'dining table']",0.0,0.0,0.0,0.0,0.0,0.0,0.0
chocolate powder,"['kitchen', 'pantry', 'cupboard', 'dining room', 'living room']",1.0,1.0,1.0,0.5,0.058823529411764705,0.058823529411764705,0.17647058823529413
chopping board,"['kitchen countertop', 'kitchen island', 'kitchen table', 'pantry', 'cupboard', 'drawer']",0.0,0.0,0.0,0.0,0.0,0.0,0.0
clamp,"['workshop', 'garage', 'toolbox', 'storage closet', 'basement', 'attic']",0.5,0.0,0.5,0.5,0.0,0.058823529411764705,0.058823529411764705
clay,"['craft room', ""children's play area"", 'backyard', 'garage', 'basement', 'kitchen']",0.25,0.0,0.0,0.25,0.0,0.0,0.058823529411764705
clock,"['living room', 'bedroom', 'kitchen', 'hallway', 'office/study']",1.0,1.0,1.0,1.0,0.058823529411764705,0.17647058823529413,0.17647058823529413
cloth,"['laundry room', 'closet', 'bedroom', 'bathroom', 'kitchen']",0.5,0.0,0.5833333333333333,0.47916666666666663,0.0,0.11764705882352941,0.23529411764705882
coffee beans,"['kitchen', 'pantry', 'cupboard', 'countertop', 'dining room']",1.0,1.0,1.0,0.5,0.058823529411764705,0.058823529411764705,0.11764705882352941
coffee pods,"['kitchen', 'pantry', 'cupboard', 'countertop', 'dining table', 'office', 'bedroom']",1.0,1.0,1.0,1.0,0.058823529411764705,0.058823529411764705,0.058823529411764705
coffeemachine,"['kitchen', 'countertops', 'pantry', 'dining room', 'office', 'breakfast nook']",1.0,1.0,1.0,1.0,1.0,1.0,1.0
coffeemaker,"['kitchen', 'countertops', 'pantry', 'dining room', 'breakfast nook', 'office']",1.0,1.0,1.0,0.75,0.058823529411764705,0.058823529411764705,0.11764705882352941
coffeetable,"['living room', 'family room', 'den', 'lounge', 'recreation room']",1.0,1.0,1.0,1.0,0.5,0.5,0.5
colored wood blocks,"['playroom', 'living room', 'nursery', 'bedroom', 'closet', 'storage room']",1.0,1.0,1.0,0.8875,0.058823529411764705,0.11764705882352941,0.23529411764705882
condiment,"['kitchen counter', 'kitchen table', 'pantry', 'refrigerator', 'dining table']",0.0,0.0,0.0,0.0,0.0,0.0,0.0
countertop,"['kitchen', 'bathroom', 'laundry room', 'dining room']",1.0,1.0,1.0,1.0,0.3333333333333333,0.6666666666666666,0.6666666666666666
cracker box,"['kitchen counter', 'pantry', 'cupboard', 'dining table', 'kitchen table']",0.0,0.0,0.0,0.0,0.0,0.0,0.0
crayon,"['playroom', 'kitchen table', 'living room', 'bedroom', 'office', 'hallway', 'closet']",1.0,1.0,0.8333333333333333,0.8055555555555555,0.058823529411764705,0.11764705882352941,0.17647058823529413
creditcard,"['wallet', 'purse', 'desk drawer', 'kitchen counter', 'nightstand', 'dresser']",0.0,0.0,0.0,0.0,0.0,0.0,0.0
cube storage box,"['closet', 'bedroom', 'home office', 'garage', 'attic', 'basement', 'living room', 'entryway']",1.0,1.0,1.0,1.0,0.058823529411764705,0.17647058823529413,0.23529411764705882
cup,"['kitchen', 'dining room', 'living room', 'bedroom', 'office']",1.0,1.0,1.0,1.0,0.058823529411764705,0.17647058823529413,0.23529411764705882
curtain,"['living room', 'bedroom', 'dining room', 'kitchen', 'hallway', 'bathroom']",1.0,1.0,1.0,0.8888888888888888,0.3333333333333333,0.6666666666666666,0.6666666666666666
cushion,"['living room', 'bedroom', 'family room', 'dining room', 'outdoor patio or garden furniture']",1.0,1.0,1.0,0.9166666666666666,0.058823529411764705,0.11764705882352941,0.17647058823529413
desk,"['home office', 'bedroom', 'living room', 'study', 'dining room']",0.5,0.0,0.5,0.5,0.0,0.5,0.5
desk caddy,"['home office', 'study', 'desk', 'office nook', 'bedroom desk', 'living room']",1.0,1.0,1.0,1.0,0.058823529411764705,0.058823529411764705,0.058823529411764705
desklamp,"['home office', 'study', 'bedroom', 'living room', 'desk area']",0.3333333333333333,0.0,0.0,0.0,0.0,0.0,0.0
desktop,"['home office', 'bedroom', 'living room', 'study', 'den']",0.5,0.0,0.0,0.0,0.0,0.0,0.0
diaper pack,"['nursery', ""baby's bedroom"", 'bathroom', 'laundry room', 'closet']",0.3333333333333333,0.0,0.3333333333333333,0.16666666666666666,0.0,0.058823529411764705,0.11764705882352941
dietary supplement,"['kitchen counter', 'pantry', 'cupboard', 'medicine cabinet', 'bedroom dresser']",0.0,0.0,0.0,0.0,0.0,0.0,0.0
diningtable,"['dining room', 'kitchen', 'living room']",0.5,0.0,0.25,0.25,0.0,0.5,0.5
dish drainer,"['kitchen counter', 'kitchen sink area', 'kitchen table', 'laundry room', 'pantry', 'garage']",0.16666666666666666,0.0,0.0,0.0,0.0,0.0,0.0
dishsponge,"['kitchen sink', 'kitchen counter', 'under the sink', 'dishwasher', 'laundry room', 'bathroom sink']",0.0,0.0,0.0,0.0,0.0,0.0,0.0
dishtowel,"['kitchen', 'laundry room', 'bathroom', 'dining area']",1.0,1.0,0.8333333333333333,0.8333333333333333,0.058823529411764705,0.11764705882352941,0.11764705882352941
dishwasher,"['kitchen', 'laundry room', 'utility room', 'garage']",1.0,1.0,1.0,1.0,1.0,1.0,1.0
dispensing closure,"['kitchen', 'bathroom', 'laundry room', 'garage', 'pantry']",1.0,1.0,1.0,0.9166666666666666,0.058823529411764705,0.11764705882352941,0.17647058823529413
dog bowl,"['kitchen', 'laundry room', 'mudroom', 'garage', 'backyard']",1.0,1.0,1.0,0.75,0.058823529411764705,0.058823529411764705,0.11764705882352941
dog chew toy,"['living room', 'bedroom', 'playroom', 'backyard', 'kitchen']",1.0,1.0,1.0,0.75,0.058823529411764705,0.17647058823529413,0.23529411764705882
dogbed,"['living room', 'bedroom', 'laundry room', 'hallway', 'garage']",1.0,1.0,1.0,1.0,0.5,1.0,1.0
dollhouse toy,"['playroom', ""child's bedroom"", 'living room', 'attic', 'garage']",1.0,1.0,0.8333333333333333,0.5555555555555555,0.058823529411764705,0.11764705882352941,0.17647058823529413
donut,"['kitchen counter', 'kitchen table', 'pantry', 'dining table', 'office desk', 'living room coffee table']",0.0,0.0,0.0,0.0,0.0,0.0,0.0
drawer,"['bedroom dresser', 'kitchen', 'bathroom', 'closet', 'home office']",0.5,0.0,0.5833333333333333,0.5833333333333333,0.0,0.5,0.5
dresser,"['bedroom', 'closet', 'hallway', 'attic', 'garage']",1.0,1.0,1.0,1.0,0.3333333333333333,0.3333333333333333,0.3333333333333333
drink,"['kitchen', 'dining room', 'living room', 'bedroom', 'refrigerator']",0.0,0.0,0.0,0.0,0.0,0.0,0.0
drink coaster,"['coffee table', 'living room side table', 'dining table', 'kitchen counter', 'office desk', 'bedroom nightstand']",0.0,0.0,0.0,0.0,0.0,0.0,0.0
dryer,"['laundry room', 'basement', 'garage', 'utility room', 'kitchen']",0.5,0.0,0.0,0.0,0.0,0.0,0.0
duct tape,"['garage', 'toolbox', 'basement', 'workshop', 'closet', 'storage room', 'kitchen', 'office']",1.0,1.0,1.0,0.7,0.058823529411764705,0.058823529411764705,0.11764705882352941
dumbbell,"['home gym', 'bedroom', 'closet', 'garage', 'basement', 'living room']",0.5,0.0,0.5833333333333333,0.6388888888888888,0.0,0.11764705882352941,0.17647058823529413
dumbbell rack,"['basement', 'garage', 'home gym', 'bedroom', 'living room']",0.5,0.0,0.5,0.3333333333333333,0.0,0.058823529411764705,0.17647058823529413
dustpan and brush,"['broom closet', 'laundry room', 'garage', 'storage closet', 'kitchen', 'pantry', 'under the sink', 'mudroom']",0.3333333333333333,0.0,0.3333333333333333,0.3666666666666667,0.0,0.058823529411764705,0.11764705882352941
dutch oven,"['kitchen', 'cupboard', 'pantry', 'dining room', 'storage room']",1.0,1.0,1.0,0.5,0.058823529411764705,0.058823529411764705,0.17647058823529413
easter basket,"['living room', 'dining room', 'kitchen', 'entryway', 'bedroom', 'closet', 'attic', 'basement']",1.0,1.0,1.0,0.95,0.058823529411764705,0.17647058823529413,0.23529411764705882
egg,"['kitchen', 'refrigerator', 'pantry', 'cupboard', 'dining table']",1.0,1.0,1.0,1.0,1.0,1.0,1.0
electric heater,"['living room', 'bedroom', 'basement', 'garage', 'attic']",1.0,1.0,1.0,0.9166666666666666,0.058823529411764705,0.11764705882352941,0.17647058823529413
electric toothbrush,"['bathroom countertop', 'bathroom cabinet', 'bedroom dresser', 'kitchen counter']",0.0,0.0,0.0,0.0,0.0,0.0,0.0
electronic adapter,"['behind the tv', 'on a desk', 'in a drawer', 'near a computer', 'in a closet', 'on a shelf']",0.0,0.0,0.0,0.0,0.0,0.0,0.0
electronic cable,"['behind the tv', 'under the computer desk', 'in the home office', 'on the floor near the couch', 'in the garage or storage room']",0.0,0.0,0.0,0.0,0.0,0.0,0.0
face moisturizer,"['bathroom', 'bedroom', 'closet', 'dressing table']",1.0,1.0,1.0,1.0,0.058823529411764705,0.17647058823529413,0.17647058823529413
faucet,"['kitchen', 'bathroom', 'laundry room', 'outdoor patio/garden']",1.0,1.0,1.0,1.0,0.5,1.0,1.0
file sorter,"['home office', 'study', 'desk', 'closet', 'storage room']",1.0,1.0,1.0,0.5,0.058823529411764705,0.058823529411764705,0.17647058823529413
fingerpaint,"['art room', 'playroom', 'kitchen table', ""child's bedroom"", 'garage', 'backyard']",0.5,0.0,0.5,0.45,0.0,0.058823529411764705,0.11764705882352941
fitness tracker wristband,"['nightstand', 'dresser', 'closet', 'bathroom counter', 'kitchen counter', 'entryway table', 'laundry room']",0.3333333333333333,0.0,0.3333333333333333,0.3333333333333333,0.0,0.058823529411764705,0.058823529411764705
flashlight,"['drawer', 'closet', 'garage', 'basement', 'nightstand', 'entryway table']",0.5,0.0,0.5833333333333333,0.5833333333333333,0.0,0.11764705882352941,0.11764705882352941
flat screwdriver,"['toolbox', 'garage', 'workshop', 'storage closet', 'kitchen drawer', 'basement']",0.5,0.0,0.5,0.5,0.0,0.058823529411764705,0.058823529411764705
floor,"['living room', 'bedroom', 'hallway', 'kitchen', 'bathroom']",1.0,1.0,1.0,0.6875,0.25,0.5,0.75
floorlamp,"['living room', 'bedroom', 'hallway', 'study', 'dining room']",1.0,1.0,1.0,1.0,1.0,1.0,1.0
foam brick,"['playroom', ""child's bedroom"", 'living room', 'garage', 'backyard']",1.0,1.0,0.8333333333333333,0.8055555555555555,0.058823529411764705,0.11764705882352941,0.17647058823529413
folder,"['home office', 'desk', 'bookshelf', 'filing cabinet', 'closet', 'bedroom', 'living room']",1.0,1.0,1.0,0.7,0.058823529411764705,0.058823529411764705,0.11764705882352941
fondant,"['kitchen', 'pantry', 'dining room', 'cupboard', 'refrigerator']",1.0,1.0,0.8333333333333333,0.8333333333333333,0.058823529411764705,0.11764705882352941,0.11764705882352941
footstool,"['living room', 'bedroom', 'family room', 'den', 'hallway']",0.5,0.0,0.5,0.5,0.0,0.5,0.5
fork,"['kitchen drawer', 'kitchen table', 'dishwasher', 'silverware organizer', 'kitchen counter']",0.0,0.0,0.0,0.0,0.0,0.0,0.0
fridge,"['kitchen', 'dining room', 'garage', 'outdoor patio or deck', 'basement', 'laundry room']",1.0,1.0,1.0,1.0,1.0,1.0,1.0
fruit snack,"['kitchen counter', 'pantry', 'cupboard', 'dining table', 'living room coffee table', 'bedroom nightstand']",0.0,0.0,0.0,0.0,0.0,0.0,0.0
furnace,"['basement', 'garage', 'utility room', 'closet', 'attic']",1.0,1.0,1.0,1.0,1.0,1.0,1.0
garbage,"['kitchen', 'garage', 'bathroom', 'outdoor trash cans', 'backyard']",0.0,0.0,0.0,0.0,0.0,0.0,0.0
garbagebag,"['kitchen', 'pantry', 'bathroom', 'laundry room', 'garage']",1.0,1.0,1.0,1.0,0.5,0.5,0.5
garbagecan,"['kitchen', 'garage', 'bathroom', 'outdoor areas', 'laundry room']",1.0,1.0,0.8333333333333333,0.8333333333333333,0.25,0.5,0.5
gelatin box,"['pantry', 'kitchen cabinet', 'cupboard', 'refrigerator', 'dining table']",0.0,0.0,0.0,0.0,0.0,0.0,0.0
glove,"['closet', 'laundry room', 'garage', 'entryway', 'bedroom']",1.0,1.0,0.8333333333333333,0.5555555555555555,0.058823529411764705,0.11764705882352941,0.17647058823529413
golf ball,"['garage', 'closet', 'attic', 'living room', 'backyard']",1.0,1.0,1.0,0.9166666666666666,0.058823529411764705,0.11764705882352941,0.17647058823529413
graphics card,"['home office', 'study', 'bedroom', 'living room', 'garage', 'basement', 'attic']",1.0,1.0,0.8333333333333333,0.8041666666666667,0.058823529411764705,0.11764705882352941,0.23529411764705882
hair color,"['bathroom', 'bedroom', 'closet', 'laundry room']",1.0,1.0,1.0,1.0,0.058823529411764705,0.17647058823529413,0.17647058823529413
hair conditioner,"['bathroom', 'shower', 'bathtub', 'bedroom', 'closet']",1.0,1.0,1.0,0.5,0.058823529411764705,0.058823529411764705,0.17647058823529413
hair dryer,"['bathroom', 'bedroom', 'closet', 'laundry room']",1.0,1.0,1.0,1.0,0.058823529411764705,0.17647058823529413,0.17647058823529413
hair straightener,"['bathroom', 'bedroom', 'closet', 'dressing room']",1.0,1.0,1.0,1.0,0.058823529411764705,0.17647058823529413,0.17647058823529413
hammer,"['garage', 'toolbox', 'basement', 'workshop', 'closet', 'storage room', 'shed']",1.0,1.0,1.0,0.7,0.058823529411764705,0.058823529411764705,0.11764705882352941
hand bell,"['dining table', 'living room', 'entryway', 'kitchen', 'office']",0.5,0.0,0.5,0.5,0.0,0.058823529411764705,0.11764705882352941
handbag,"['entryway', 'closet', 'bedroom', 'living room', 'kitchen']",0.5,0.0,0.5833333333333333,0.47916666666666663,0.0,0.11764705882352941,0.23529411764705882
handtowel,"['bathroom', 'kitchen', 'laundry room', 'bedroom', 'gym']",1.0,1.0,1.0,1.0,1.0,1.0,1.0
handtowelholder,"['bathroom', 'kitchen', 'laundry room', 'bedroom']",1.0,1.0,1.0,1.0,1.0,1.0,1.0
hard drive,"['home office', 'desk', 'computer room', 'study', 'living room', 'bedroom', 'closet', 'basement', 'attic', 'garage']",1.0,1.0,1.0,0.7,0.058823529411764705,0.058823529411764705,0.11764705882352941
hard drive case,"['home office', 'desk', 'computer room', 'storage closet', 'garage', 'attic', 'basement.']",1.0,1.0,1.0,0.7,0.058823529411764705,0.058823529411764705,0.11764705882352941
hat,"['entryway', 'closet', 'bedroom', 'living room', 'hallway']",0.5,0.0,0.5833333333333333,0.6388888888888888,0.0,0.11764705882352941,0.17647058823529413
headphone,"['living room', 'bedroom', 'home office', 'desk', 'entertainment room']",1.0,1.0,1.0,1.0,0.058823529411764705,0.17647058823529413,0.17647058823529413
heavy duty gloves,"['garage', 'shed', 'laundry room', 'basement', 'closet']",1.0,1.0,1.0,0.5,0.058823529411764705,0.058823529411764705,0.11764705882352941
heavy master chef can,"['kitchen', 'pantry', 'dining room', 'garage', 'storage room']",1.0,1.0,0.8333333333333333,0.6041666666666666,0.058823529411764705,0.11764705882352941,0.23529411764705882
helmet,"['garage', 'closet', 'storage room', 'entryway', 'bedroom']",1.0,1.0,1.0,0.75,0.058823529411764705,0.17647058823529413,0.23529411764705882
herring fillets,"['freezer', 'refrigerator', 'pantry', 'kitchen counter', 'cupboard']",0.0,0.0,0.0,0.0,0.0,0.0,0.0
honey dipper,"['kitchen', 'pantry', 'dining room', 'cupboard']",1.0,1.0,0.8333333333333333,0.8333333333333333,0.058823529411764705,0.11764705882352941,0.11764705882352941
houseplant,"['living room', 'bedroom', 'kitchen', 'hallway', 'office', 'balcony', 'patio']",1.0,1.0,1.0,1.0,0.25,0.75,0.75
incontinence pads,"['bathroom', 'bedroom', 'laundry room', 'closet']",1.0,1.0,1.0,0.6666666666666666,0.058823529411764705,0.11764705882352941,0.17647058823529413
ink cartridge,"['home office', 'study', 'desk drawer', 'storage closet', 'garage', 'basement']",1.0,1.0,1.0,0.7,0.058823529411764705,0.058823529411764705,0.11764705882352941
instant camera,"['living room', 'bedroom', 'home office', 'closet', 'attic', 'garage']",1.0,1.0,1.0,1.0,0.058823529411764705,0.17647058823529413,0.23529411764705882
invitation card,"['mailbox', 'kitchen counter', 'refrigerator', 'living room coffee table', 'entryway table', 'office desk']",0.0,0.0,0.0,0.0,0.0,0.0,0.0
jar,"['kitchen', 'pantry', 'cupboard', 'dining room', 'storage room']",1.0,1.0,1.0,0.5,0.058823529411764705,0.058823529411764705,0.17647058823529413
jenga,"['living room', 'family room', 'game room', 'bedroom', 'closet', 'storage room']",1.0,1.0,1.0,0.7000000000000001,0.058823529411764705,0.058823529411764705,0.17647058823529413
jewelry box,"['dresser', 'bedroom closet', 'nightstand', 'bathroom counter', 'bedroom shelf']",0.0,0.0,0.0,0.0,0.0,0.0,0.0
kettle,"['kitchen', 'countertops', 'cabinets', 'pantry', 'dining room', 'storage rooms']",1.0,1.0,1.0,1.0,1.0,1.0,1.0
keyboard,"['home office', 'study', 'living room', 'bedroom', 'desk']",1.0,1.0,0.8333333333333333,0.8055555555555555,0.058823529411764705,0.11764705882352941,0.17647058823529413
keychain,"['key hook near entrance', 'dresser', 'nightstand', 'closet', 'purse or wallet', 'kitchen counter']",0.0,0.0,0.0,0.0,0.0,0.0,0.0
knife,"['kitchen drawer', 'kitchen counter', 'dining table', 'silverware organizer', 'utensil holder']",0.0,0.0,0.0,0.0,0.0,0.0,0.0
knife block,"['kitchen countertop', 'kitchen island', 'dining table', 'kitchen cabinet', 'pantry']",0.0,0.0,0.0,0.0,0.0,0.0,0.0
labeling tape,"['office', 'desk', 'storage closet', 'garage', 'workshop', 'craft room']",0.25,0.0,0.0,0.25,0.0,0.0,0.058823529411764705
ladle,"['kitchen', 'pantry', 'dining room', 'cupboard', 'drawer']",1.0,1.0,1.0,1.0,1.0,1.0,1.0
lamp,"['living room', 'bedroom', 'hallway', 'study', 'dining room']",1.0,1.0,1.0,0.6666666666666666,0.058823529411764705,0.11764705882352941,0.17647058823529413
lantern,"['porch', 'patio', 'living room', 'backyard', 'hallway', 'bedroom', 'closet', 'garage', 'attic', 'basement']",0.3333333333333333,0.0,0.3333333333333333,0.3333333333333333,0.0,0.058823529411764705,0.058823529411764705
laptop,"['home office', 'bedroom', 'living room', 'kitchen', 'dining room']",1.0,1.0,1.0,0.8,0.058823529411764705,0.17647058823529413,0.29411764705882354
laptop cover,"['home office', 'bedroom', 'living room', 'desk', 'closet', 'storage room']",1.0,1.0,1.0,0.95,0.058823529411764705,0.17647058823529413,0.23529411764705882
laptop stand,"['home office', 'desk', 'bedroom', 'living room', 'study']",1.0,1.0,0.8333333333333333,0.8055555555555555,0.058823529411764705,0.11764705882352941,0.17647058823529413
large marker,"['office', 'desk', 'craft room', 'playroom', 'kitchen table']",0.25,0.0,0.0,0.25,0.0,0.0,0.058823529411764705
laundry box,"['bedroom', 'laundry room', 'closet', 'bathroom', 'hallway']",1.0,1.0,0.8333333333333333,0.8055555555555555,0.058823529411764705,0.11764705882352941,0.17647058823529413
laundryhamper,"['bedroom', 'bathroom', 'laundry room', 'closet', 'hallway']",1.0,1.0,1.0,1.0,1.0,1.0,1.0
laxative,"['medicine cabinet', 'bathroom cabinet', 'kitchen cabinet', 'pantry', 'bedroom nightstand']",0.0,0.0,0.0,0.0,0.0,0.0,0.0
lego duplo,"['playroom', 'living room', ""child's bedroom"", 'family room', 'kitchen floor']",1.0,1.0,1.0,1.0,0.058823529411764705,0.11764705882352941,0.11764705882352941
lemon,"['kitchen', 'dining room', 'pantry', 'refrigerator']",1.0,1.0,1.0,1.0,0.058823529411764705,0.11764705882352941,0.11764705882352941
letter holder,"['entryway', 'kitchen counter', 'office', 'living room', 'dining room']",0.25,0.0,0.0,0.125,0.0,0.0,0.11764705882352941
lettuce,"['kitchen', 'refrigerator', 'pantry', 'dining table', 'garden']",1.0,1.0,1.0,1.0,1.0,1.0,1.0
light bulb,"['lamp', 'ceiling fixture', 'table lamp', 'floor lamp', 'garage', 'attic', 'storage closet', 'toolbox']",0.2,0.0,0.0,0.2,0.0,0.0,0.058823529411764705
lightswitch,"['walls near doors', 'hallways', 'bedrooms', 'living rooms', 'kitchens', 'stairways']",0.0,0.0,0.0,0.0,0.0,0.0,0.0
lime squeezer,"['kitchen countertop', 'kitchen drawer', 'dining table', 'pantry', 'cupboard']",0.0,0.0,0.0,0.0,0.0,0.0,0.0
lipstick,"['bathroom', 'bedroom', 'purse or handbag', 'dresser or vanity', 'closet']",1.0,1.0,1.0,0.6666666666666666,0.058823529411764705,0.11764705882352941,0.17647058823529413
lunch bag,"['kitchen counter', 'kitchen table', 'pantry', 'refrigerator', 'cupboard', 'bedroom floor', 'living room couch']",0.0,0.0,0.0,0.0,0.0,0.0,0.0
lunch box,"['kitchen', 'dining room', 'pantry', 'cupboard', 'refrigerator', 'bedroom', 'backpack or school bag']",1.0,1.0,1.0,1.0,0.058823529411764705,0.11764705882352941,0.11764705882352941
magnifying glass,"['study', 'home office', 'desk drawer', 'bookshelf', 'craft room', ""child's bedroom.""]",0.5,0.0,0.5,0.5,0.0,0.058823529411764705,0.058823529411764705
mascara,"['bathroom', 'bedroom', 'closet', 'purse or handbag']",1.0,1.0,1.0,1.0,0.058823529411764705,0.17647058823529413,0.17647058823529413
master chef can,"['kitchen', 'pantry', 'dining room', 'garage', 'storage room']",1.0,1.0,0.8333333333333333,0.6041666666666666,0.058823529411764705,0.11764705882352941,0.23529411764705882
measuring tape,"['workshop', 'garage', 'toolbox', 'storage closet', 'kitchen', 'desk drawer']",0.5,0.0,0.5,0.45,0.0,0.058823529411764705,0.11764705882352941
medicine,"['bathroom', 'bedroom', 'kitchen', 'living room']",1.0,1.0,1.0,0.75,0.058823529411764705,0.17647058823529413,0.23529411764705882
microwave,"['kitchen', 'dining area', 'pantry', 'countertop', 'breakfast nook', 'office kitchenette', 'laundry room']",1.0,1.0,1.0,1.0,1.0,1.0,1.0
milk fror,"['refrigerator', 'kitchen counter', 'pantry', 'dining table', 'cupboard']",0.0,0.0,0.0,0.0,0.0,0.0,0.0
mini soccer ball,"['playroom', 'bedroom', 'backyard', 'living room', 'garage', 'basement']",1.0,1.0,1.0,0.8875,0.058823529411764705,0.11764705882352941,0.23529411764705882
mirror,"['bedroom', 'bathroom', 'hallway', 'living room', 'dressing room']",1.0,1.0,1.0,0.9166666666666666,0.25,0.5,0.75
morboard,"['i think you meant ""mouseboard"" or ""keyboard""', 'assuming ""morboard"" is a typo. here\'s the list: computer desk', 'home office', 'living room', 'bedroom', 'study.']",0.3333333333333333,0.0,0.3333333333333333,0.4777777777777777,0.0,0.058823529411764705,0.17647058823529413
mouse,"['home office', 'desk', 'computer table', 'living room', 'bedroom', 'floor']",1.0,1.0,1.0,0.7000000000000001,0.05263157894736842,0.05263157894736842,0.15789473684210525
mouse pad,"['home office', 'desk', 'computer room', 'study', 'bedroom']",1.0,1.0,1.0,0.5,0.058823529411764705,0.058823529411764705,0.11764705882352941
movie dvd,"['living room', 'home theater', 'bedroom', 'family room', 'storage closet', 'attic', 'basement']",1.0,1.0,0.8333333333333333,0.8333333333333333,0.058823529411764705,0.11764705882352941,0.11764705882352941
mug,"['kitchen', 'cupboard', 'dining table', 'office desk', 'bedroom nightstand']",1.0,1.0,1.0,1.0,0.058823529411764705,0.058823529411764705,0.058823529411764705
multiport hub,"['home office', 'living room', 'bedroom', 'study', 'desk area']",1.0,1.0,1.0,1.0,0.058823529411764705,0.17647058823529413,0.17647058823529413
mustard bottle,"['kitchen counter', 'pantry', 'refrigerator', 'cupboard', 'dining table']",0.0,0.0,0.0,0.0,0.0,0.0,0.0
neck rest,"['bed', 'couch', 'armchair', 'office chair', 'airplane seat']",0.0,0.0,0.0,0.0,0.0,0.0,0.0
newspaper,"['living room', 'kitchen', 'home office', 'bedroom', 'entryway']",1.0,1.0,1.0,1.0,1.0,1.0,1.0
nine hole peg test,"['occupational therapy room', ""doctor's office"", 'physical therapy clinic', 'rehabilitation center', 'medical supply closet.']",0.0,0.0,0.0,0.0,0.0,0.0,0.0
nintendo switch,"['living room', 'bedroom', 'family room', 'playroom', 'home office']",1.0,1.0,1.0,0.6875,0.058823529411764705,0.11764705882352941,0.23529411764705882
orange,"['kitchen', 'dining table', 'refrigerator', 'fruit bowl', 'pantry', 'countertops', 'trash can']",1.0,1.0,1.0,1.0,0.058823529411764705,0.058823529411764705,0.058823529411764705
ottoman,"['living room', 'bedroom', 'family room', 'den', 'foyer']",1.0,1.0,1.0,1.0,1.0,1.0,1.0
padlock,"['shed', 'garage', 'outdoor storage', 'backyard', 'basement', 'home office', 'closet', 'bedroom']",0.5,0.0,0.5,0.5,0.0,0.058823529411764705,0.058823529411764705
paint bottle set,"['garage', 'basement', 'storage room', 'attic', 'shed', 'laundry room']",1.0,1.0,0.8333333333333333,0.8333333333333333,0.058823529411764705,0.11764705882352941,0.11764705882352941
paint maker,"['garage', 'basement', 'attic', 'shed', 'closet', 'storage room']",1.0,1.0,1.0,0.7,0.058823529411764705,0.058823529411764705,0.11764705882352941
painting,"['living room', 'bedroom', 'hallway', 'dining room', 'staircase', 'office/study']",1.0,1.0,1.0,1.0,0.3333333333333333,0.6666666666666666,0.6666666666666666
pan,"['kitchen', 'cupboard', 'drawer', 'stove', 'dining table', 'countertop']",1.0,1.0,1.0,1.0,0.058823529411764705,0.058823529411764705,0.058823529411764705
paper bag,"['kitchen', 'pantry', 'dining room', 'living room', 'office/study']",1.0,1.0,0.8333333333333333,0.8055555555555555,0.058823529411764705,0.11764705882352941,0.17647058823529413
papertowelroll,"['kitchen', 'pantry', 'dining room', 'laundry room', 'bathroom', 'garage']",1.0,1.0,1.0,0.75,0.5,0.5,0.5
parchment sheet,"['home office', 'study', 'desk drawer', 'craft room', 'attic', 'basement storage']",1.0,1.0,1.0,1.0,0.058823529411764705,0.058823529411764705,0.058823529411764705
peach,"['kitchen counter', 'kitchen table', 'refrigerator', 'fruit bowl', 'pantry', 'dining table']",0.0,0.0,0.0,0.0,0.0,0.0,0.0
pear,"['kitchen counter', 'kitchen table', 'refrigerator', 'fruit bowl', 'dining table', 'pantry']",0.0,0.0,0.0,0.0,0.0,0.0,0.0
peg and hammer toy,"['playroom', 'toy box', 'nursery', 'living room', 'garage', 'backyard']",1.0,1.0,1.0,0.7000000000000001,0.058823529411764705,0.058823529411764705,0.17647058823529413
pen,"['desk', 'office', 'kitchen counter', 'living room table', 'bedroom nightstand', 'entryway table']",0.0,0.0,0.0,0.0,0.0,0.0,0.0
pencil,"['desk', 'office', 'kitchen table', 'living room', 'bedroom', 'entryway table', 'drawer']",0.25,0.0,0.0,0.0,0.0,0.0,0.0
pencil case,"['desk', 'bedroom', 'home office', 'kitchen table', 'living room', 'entryway', 'closet']",0.5,0.0,0.5833333333333333,0.5888888888888889,0.0,0.11764705882352941,0.17647058823529413
peppermint,"['kitchen', 'pantry', 'bathroom', 'bedroom nightstand', 'living room coffee table']",1.0,1.0,0.8333333333333333,0.8333333333333333,0.058823529411764705,0.11764705882352941,0.11764705882352941
peppershaker,"['kitchen table', 'kitchen counter', 'dining table', 'pantry', 'spice rack']",0.0,0.0,0.0,0.0,0.0,0.0,0.0
pepsi can pack,"['kitchen', 'pantry', 'garage', 'basement', 'living room']",1.0,1.0,0.8333333333333333,0.5555555555555555,0.058823529411764705,0.11764705882352941,0.17647058823529413
pet food supplement,"['kitchen counter', 'pantry', 'cupboard', 'pet food storage area', 'laundry room', 'garage']",0.16666666666666666,0.0,0.0,0.0,0.0,0.0,0.0
phillips screwdriver,"['garage', 'toolbox', 'workshop', 'basement', 'closet', 'drawer', 'kitchen counter']",1.0,1.0,1.0,0.7,0.058823529411764705,0.058823529411764705,0.11764705882352941
phone armband case,"['gym bag', 'bedroom dresser', 'nightstand', 'laundry room', 'closet']",0.2,0.0,0.0,0.0,0.0,0.0,0.058823529411764705
phone stand,"['living room', 'bedroom', 'home office', 'kitchen', 'dining room']",1.0,1.0,1.0,0.8,0.058823529411764705,0.17647058823529413,0.29411764705882354
picture frame,"['living room', 'bedroom', 'hallway', 'office/study', 'staircase', 'dining room']",1.0,1.0,1.0,1.0,0.058823529411764705,0.11764705882352941,0.11764705882352941
pie,"['kitchen', 'dining room', 'refrigerator', 'pantry', 'countertop']",0.0,0.0,0.0,0.0,0.0,0.0,0.0
pillow,"['bed', 'couch', 'armchair', 'bedroom floor', 'closet', 'laundry room']",0.2,0.0,0.0,0.2,0.0,0.0,0.058823529411764705
pitcher base,"['kitchen counter', 'kitchen table', 'dining table', 'pantry', 'cupboard']",0.0,0.0,0.0,0.0,0.0,0.0,0.0
plant,"['living room', 'bedroom', 'kitchen', 'balcony', 'hallway', 'garden', 'office', 'bathroom']",1.0,1.0,1.0,1.0,0.058823529411764705,0.17647058823529413,0.17647058823529413
plant container,"['living room', 'balcony', 'kitchen', 'bedroom', 'hallway', 'outdoor patio', 'garden']",1.0,1.0,0.8333333333333333,0.8055555555555555,0.058823529411764705,0.11764705882352941,0.17647058823529413
plant saucer,"['living room', 'dining room', 'kitchen', 'bedroom', 'hallway', 'patio', 'balcony', 'garden', 'outdoor spaces.']",1.0,1.0,1.0,1.0,0.058823529411764705,0.17647058823529413,0.23529411764705882
plate,"['kitchen', 'dining room', 'cupboard', 'dishwasher', 'table']",1.0,1.0,1.0,1.0,0.058823529411764705,0.11764705882352941,0.11764705882352941
plum,"['kitchen counter', 'kitchen table', 'refrigerator', 'fruit bowl', 'pantry', 'dining table']",0.0,0.0,0.0,0.0,0.0,0.0,0.0
plunger,"['bathroom', 'laundry room', 'kitchen', 'garage', 'basement']",1.0,1.0,1.0,1.0,1.0,1.0,1.0
portable speaker,"['living room', 'bedroom', 'kitchen', 'outdoor patio', 'bathroom']",1.0,1.0,1.0,0.75,0.058823529411764705,0.17647058823529413,0.23529411764705882
poster,"['bedroom', 'living room', 'hallway', 'office/study', 'playroom']",1.0,1.0,1.0,1.0,1.0,1.0,1.0
pot,"['kitchen', 'cupboard', 'pantry', 'dining room', 'storage room']",1.0,1.0,1.0,1.0,1.0,1.0,1.0
potato,"['kitchen', 'pantry', 'dining room', 'cellar', 'garden']",1.0,1.0,1.0,1.0,1.0,1.0,1.0
potted meat can,"['pantry', 'kitchen cupboard', 'refrigerator', 'garage', 'basement']",0.25,0.0,0.0,0.25,0.0,0.0,0.058823529411764705
power drill,"['garage', 'workshop', 'basement', 'storage closet', 'toolbox', 'kitchen counter', 'dining table']",1.0,1.0,1.0,1.0,0.058823529411764705,0.058823529411764705,0.058823529411764705
pressure cooker,"['kitchen', 'pantry', 'cupboard', 'storage room', 'garage', 'basement']",1.0,1.0,1.0,0.7000000000000001,0.058823529411764705,0.058823529411764705,0.17647058823529413
pudding box,"['kitchen', 'pantry', 'refrigerator', 'cupboard', 'trash can', 'dining table']",1.0,1.0,1.0,1.0,0.058823529411764705,0.058823529411764705,0.058823529411764705
puzzle game,"['living room', 'playroom', 'bedroom', 'closet', 'attic', 'basement']",1.0,1.0,1.0,1.0,0.058823529411764705,0.17647058823529413,0.23529411764705882
racquetball,"['garage', 'closet', 'attic', 'basement', 'living room']",1.0,1.0,1.0,0.6666666666666666,0.058823529411764705,0.11764705882352941,0.17647058823529413
ramekin,"['kitchen', 'dining room', 'pantry', 'cupboard', 'storage room']",1.0,1.0,1.0,0.6666666666666666,0.058823529411764705,0.11764705882352941,0.17647058823529413
remote control,"['living room', 'bedroom', 'family room', 'office', 'kitchen']",1.0,1.0,1.0,0.6666666666666666,0.058823529411764705,0.11764705882352941,0.17647058823529413
remotecontrol,"['living room', 'bedroom', 'family room', 'office', 'kitchen']",1.0,1.0,1.0,1.0,0.5,1.0,1.0
rmal laminator,"['home office', 'study', 'craft room', 'garage', 'storage closet']",1.0,1.0,1.0,0.75,0.058823529411764705,0.058823529411764705,0.11764705882352941
roast,"['kitchen', 'oven', 'dining table', 'refrigerator', 'pantry']",0.5,0.0,0.0,0.0,0.0,0.0,0.0
roomdecor,"['living room', 'bedroom', 'dining room', 'hallway', 'office/study']",1.0,1.0,1.0,1.0,1.0,1.0,1.0
router,"['home office', 'living room', 'bedroom', 'hallway', 'basement', 'attic', 'garage']",1.0,1.0,1.0,1.0,0.058823529411764705,0.17647058823529413,0.17647058823529413
rubiks cube,"['desk', 'bedroom', 'living room', 'playroom', 'closet', 'attic']",0.5,0.0,0.5833333333333333,0.6791666666666667,0.0,0.11764705882352941,0.23529411764705882
safe,"['bedroom closet', 'home office', 'basement', 'garage', 'attic']",0.0,0.0,0.0,0.0,0.0,0.0,0.0
salt shaker,"['kitchen table', 'kitchen counter', 'dining table', 'pantry', 'cupboard']",0.0,0.0,0.0,0.0,0.0,0.0,0.0
saltshaker,"['kitchen table', 'kitchen counter', 'dining table', 'pantry', 'cupboard']",0.0,0.0,0.0,0.0,0.0,0.0,0.0
sanitary pads,"['bathroom', 'bedroom', 'laundry room', 'closet']",1.0,1.0,1.0,0.6666666666666666,0.058823529411764705,0.11764705882352941,0.17647058823529413
saucer,"['kitchen', 'dining room', 'living room', 'cupboard', 'pantry']",1.0,1.0,1.0,1.0,0.058823529411764705,0.17647058823529413,0.17647058823529413
saute pan,"['kitchen', 'kitchen cabinets', 'dining room', 'pantry', 'storage closet']",1.0,1.0,0.8333333333333333,0.8333333333333333,0.058823529411764705,0.11764705882352941,0.11764705882352941
scissors,"['kitchen', 'office/study', 'sewing room', 'craft room', 'bathroom', 'bedroom']",1.0,1.0,1.0,0.7,0.058823529411764705,0.058823529411764705,0.11764705882352941
scrubbrush,"['kitchen', 'bathroom', 'laundry room', 'garage', 'basement']",0.5,0.0,0.0,0.0,0.0,0.0,0.0
set-top box,"['living room', 'bedroom', 'home office', 'family room', 'entertainment room']",1.0,1.0,1.0,1.0,0.058823529411764705,0.17647058823529413,0.17647058823529413
shelf,"['living room', 'bedroom', 'kitchen', 'office', 'hallway', 'closet', 'garage', 'attic', 'basement']",1.0,1.0,1.0,1.0,0.25,0.75,0.75
shelvingunit,"['living room', 'bedroom', 'home office', 'garage', 'basement', 'attic', 'hallway', 'kitchen', 'dining room']",1.0,1.0,1.0,1.0,0.3333333333333333,0.6666666666666666,0.6666666666666666
shoe,"['entryway', 'closet', 'bedroom', 'laundry room', 'garage']",0.5,0.0,0.5833333333333333,0.38888888888888884,0.0,0.11764705882352941,0.17647058823529413
shoe box,"['closet', 'bedroom', 'storage room', 'attic', 'garage']",1.0,1.0,1.0,0.75,0.058823529411764705,0.17647058823529413,0.23529411764705882
showercurtain,"['bathroom', 'laundry room', 'storage closet', 'garage']",1.0,1.0,1.0,1.0,1.0,1.0,1.0
showerdoor,"['bathroom', 'ensuite', 'shower room', 'laundry room', 'wet room']",1.0,1.0,1.0,1.0,1.0,1.0,1.0
showerglass,"['bathroom', 'shower area', 'laundry room', 'kitchen', 'storage closet']",1.0,1.0,1.0,1.0,1.0,1.0,1.0
showerhead,"['bathroom shower', 'bathroom storage closet', 'linen closet', 'under sink cabinet', 'garage or storage room']",0.0,0.0,0.0,0.0,0.0,0.0,0.0
shredder,"['home office', 'study', 'desk', 'closet', 'garage', 'basement', 'storage room']",1.0,1.0,1.0,0.7000000000000001,0.058823529411764705,0.058823529411764705,0.17647058823529413
sidetable,"['living room', 'bedroom', 'family room', 'den', 'home office']",1.0,1.0,1.0,1.0,0.25,0.5,0.5
sidewalk chalk,"['playroom', 'backyard', 'garage', 'porch', 'driveway', 'patio']",1.0,1.0,0.8333333333333333,0.8333333333333333,0.058823529411764705,0.11764705882352941,0.11764705882352941
sink,"['kitchen', 'bathroom', 'laundry room', 'outdoor patio or yard']",1.0,1.0,1.0,1.0,0.5,1.0,1.0
sinkbasin,"['kitchen', 'bathroom', 'laundry room', 'garage']",1.0,1.0,1.0,1.0,0.5,1.0,1.0
skillet,"['kitchen', 'kitchen cabinets', 'dining room', 'pantry', 'garage or storage areas']",1.0,1.0,0.8333333333333333,0.8333333333333333,0.058823529411764705,0.11764705882352941,0.11764705882352941
skillet lid,"['kitchen cabinets', 'kitchen drawers', 'dishwasher', 'countertops', 'sink area', 'stove or cooktop']",0.0,0.0,0.0,0.0,0.0,0.0,0.0
skin care product,"['bathroom', 'bedroom', 'closet', 'medicine cabinet', 'dressing table']",1.0,1.0,1.0,1.0,0.058823529411764705,0.17647058823529413,0.17647058823529413
skin moisturizer,"['bathroom', 'bedroom', 'closet', 'dressing table']",1.0,1.0,1.0,1.0,0.058823529411764705,0.17647058823529413,0.17647058823529413
snack cake,"['kitchen counter', 'pantry', 'cupboard', 'dining table', 'living room coffee table', 'bedroom nightstand']",0.0,0.0,0.0,0.0,0.0,0.0,0.0
snack dispenser,"['kitchen', 'pantry', 'dining room', 'living room', 'office']",1.0,1.0,0.8333333333333333,0.8055555555555555,0.058823529411764705,0.11764705882352941,0.17647058823529413
soap dish,"['bathroom sink', 'shower', 'bathtub', 'kitchen sink']",0.0,0.0,0.0,0.0,0.0,0.0,0.0
soap dispenser,"['kitchen', 'bathroom', 'laundry room']",1.0,1.0,1.0,1.0,0.058823529411764705,0.11764705882352941,0.11764705882352941
soapbar,"['bathroom', 'shower', 'kitchen', 'laundry room']",1.0,1.0,1.0,1.0,1.0,1.0,1.0
soapbottle,"['bathroom', 'kitchen', 'laundry room', 'bedroom']",1.0,1.0,1.0,1.0,0.5,1.0,1.0
sofa,"['living room', 'family room', 'basement', 'den', 'bedroom']",1.0,1.0,1.0,0.5,0.5,0.5,0.5
softball,"['backyard', 'garage', 'basement', 'closet', 'living room']",0.5,0.0,0.5,0.3333333333333333,0.0,0.058823529411764705,0.17647058823529413
software cd,"['home office', 'desk drawer', 'bookshelf', 'closet', 'storage room']",1.0,1.0,1.0,0.5,0.058823529411764705,0.058823529411764705,0.17647058823529413
sorting toy,"['playroom', 'bedroom', 'living room', 'closet', 'garage']",1.0,1.0,1.0,0.8,0.058823529411764705,0.17647058823529413,0.29411764705882354
sparkling water,"['refrigerator', 'kitchen counter', 'dining table', 'pantry', 'cupboard']",0.0,0.0,0.0,0.0,0.0,0.0,0.0
spatula,"['kitchen', 'kitchen drawers', 'countertops', 'utensil holders', 'dining table', 'pantry']",1.0,1.0,1.0,1.0,0.058823529411764705,0.058823529411764705,0.058823529411764705
spider,"['basement', 'attic', 'garage', 'closets', 'corners of rooms', 'behind furniture', 'windowsills', 'ceilings']",1.0,1.0,1.0,1.0,0.3333333333333333,0.3333333333333333,0.3333333333333333
sponge,"['kitchen sink', 'kitchen counter', 'under the sink', 'laundry room', 'bathroom sink', 'garage']",0.16666666666666666,0.0,0.0,0.0,0.0,0.0,0.0
sponge dish,"['kitchen sink', 'kitchen counter', 'dishwasher', 'cupboard under the sink', 'pantry', 'laundry room']",0.0,0.0,0.0,0.0,0.0,0.0,0.0
spoon,"['kitchen drawer', 'kitchen counter', 'silverware organizer', 'dishwasher', 'table setting']",0.0,0.0,0.0,0.0,0.0,0.0,0.0
spoon rest,"['kitchen counter', 'kitchen table', 'dining table', 'countertop near sink', 'drawer near dining area']",0.0,0.0,0.0,0.0,0.0,0.0,0.0
spraybottle,"['kitchen', 'bathroom', 'laundry room', 'garage', 'closet']",1.0,1.0,1.0,1.0,0.5,1.0,1.0
stacking cups,"['kitchen', 'playroom', 'dining room', 'living room']",1.0,1.0,1.0,0.75,0.058823529411764705,0.17647058823529413,0.23529411764705882
stand mixer,"['kitchen countertop', 'kitchen island', 'pantry', 'dining room', 'garage', 'storage room']",0.25,0.0,0.0,0.325,0.0,0.0,0.11764705882352941
statue,"['living room', 'entryway', 'hallway', 'bedroom', 'garden', 'shelf', 'mantle', 'office']",1.0,1.0,1.0,0.6666666666666666,0.3333333333333333,0.3333333333333333,0.3333333333333333
steak,"['freezer', 'refrigerator', 'kitchen counter', 'pantry', 'dining table']",1.0,1.0,1.0,1.0,0.5,0.5,0.5
stool,"['kitchen', 'bathroom', 'bedroom', 'living room', 'garage', 'basement']",1.0,1.0,0.8333333333333333,0.7777777777777777,0.3333333333333333,0.6666666666666666,0.6666666666666666
storage bin,"['attic', 'garage', 'basement', 'closet', 'laundry room', 'pantry', 'office', 'playroom']",0.5,0.0,0.5,0.5,0.0,0.058823529411764705,0.11764705882352941
stoveburner,"['kitchen', 'cooking range', 'countertop', 'dining area', 'pantry']",1.0,1.0,1.0,1.0,1.0,1.0,1.0
stoveknob,"['kitchen', 'pantry', 'storage closet', 'garage', 'basement']",1.0,1.0,1.0,1.0,1.0,1.0,1.0
strawberry,"['kitchen', 'refrigerator', 'dining table', 'pantry', 'garden']",1.0,1.0,1.0,1.0,0.058823529411764705,0.058823529411764705,0.058823529411764705
string lights,"['patio', 'backyard', 'living room', 'bedroom', 'staircase', 'porch']",0.3333333333333333,0.0,0.3333333333333333,0.41666666666666663,0.0,0.058823529411764705,0.11764705882352941
stuffed toy,"['bedroom', 'playroom', 'living room', 'nursery', 'closet', 'toy box']",1.0,1.0,1.0,0.95,0.058823529411764705,0.17647058823529413,0.23529411764705882
sugar box,"['kitchen counter', 'kitchen cabinet', 'pantry', 'dining table', 'breakfast nook']",0.0,0.0,0.0,0.0,0.0,0.0,0.0
sugar sprinkles,"['kitchen', 'pantry', 'dining table', 'cupboard', 'baking area']",1.0,1.0,1.0,1.0,0.058823529411764705,0.058823529411764705,0.058823529411764705
surface saver ring,"['kitchen counter', 'kitchen table', 'dining table', 'coffee table', 'bathroom counter']",0.0,0.0,0.0,0.0,0.0,0.0,0.0
sushi mat,"['kitchen', 'dining room', 'pantry', 'cupboard', 'drawer']",1.0,1.0,1.0,1.0,0.058823529411764705,0.11764705882352941,0.11764705882352941
table,"['dining room', 'kitchen', 'living room', 'hallway', 'bedroom', 'office/study']",0.5,0.0,0.5,0.41666666666666663,0.0,0.3333333333333333,0.3333333333333333
table lamp,"['living room', 'bedroom', 'study', 'hallway', 'dining room']",1.0,1.0,1.0,0.6666666666666666,0.058823529411764705,0.11764705882352941,0.17647058823529413
tablet,"['living room', 'bedroom', 'kitchen', 'home office', 'dining room']",1.0,1.0,1.0,0.8,0.058823529411764705,0.17647058823529413,0.29411764705882354
tablet holder,"['living room', 'bedroom', 'home office', 'kitchen', 'dining room']",1.0,1.0,1.0,0.8,0.058823529411764705,0.17647058823529413,0.29411764705882354
tablet stand,"['living room', 'bedroom', 'home office', 'kitchen', 'dining room']",1.0,1.0,1.0,0.8,0.058823529411764705,0.17647058823529413,0.29411764705882354
tabletopdecor,"['living room', 'dining room', 'bedroom', 'hallway', 'kitchen']",0.3333333333333333,0.0,0.0,0.0,0.0,0.0,0.0
tampon,"['bathroom', 'bedroom', 'laundry room', 'closet']",1.0,1.0,1.0,0.6666666666666666,0.058823529411764705,0.11764705882352941,0.17647058823529413
tea can pack,"['kitchen counter', 'pantry', 'cupboard', 'dining table', 'storage room']",0.2,0.0,0.0,0.0,0.0,0.0,0.058823529411764705
tea pods,"['kitchen', 'pantry', 'cupboard', 'drawer', 'countertop']",1.0,1.0,1.0,1.0,0.058823529411764705,0.058823529411764705,0.058823529411764705
teapot,"['kitchen', 'dining room', 'cupboard', 'pantry', 'living room']",1.0,1.0,1.0,0.6666666666666666,0.058823529411764705,0.11764705882352941,0.17647058823529413
teddybear,"['bedroom', 'toy room', 'living room', 'nursery', 'closet', 'shelf']",1.0,1.0,1.0,1.0,1.0,1.0,1.0
television,"['living room', 'bedroom', 'family room', 'den', 'home theater', 'basement', 'guest room']",1.0,1.0,1.0,1.0,0.5,1.0,1.0
tennis ball,"['garage', 'backyard', 'living room', 'bedroom', 'closet', 'attic']",1.0,1.0,0.8333333333333333,0.8041666666666667,0.058823529411764705,0.11764705882352941,0.23529411764705882
tennisracket,"['garage', 'closet', 'bedroom', 'living room', 'basement', 'attic']",0.3333333333333333,0.0,0.0,0.0,0.0,0.0,0.0
tissuebox,"['bedroom nightstand', 'living room coffee table', 'bathroom countertop', 'kitchen table', 'office desk']",0.0,0.0,0.0,0.0,0.0,0.0,0.0
toaster,"['kitchen counter', 'kitchen table', 'pantry', 'dining room', 'countertop near a breakfast nook']",0.25,0.0,0.0,0.25,0.0,0.0,0.058823529411764705
toilet,"['bathroom', 'ensuite', 'powder room', 'basement', 'outdoor shed']",1.0,1.0,1.0,1.0,1.0,1.0,1.0
toiletpaper,"['bathroom', 'laundry room', 'closet', 'storage room']",1.0,1.0,1.0,1.0,1.0,1.0,1.0
toiletpaperhanger,"['bathroom', 'laundry room', 'closet', 'storage room']",1.0,1.0,1.0,1.0,1.0,1.0,1.0
tomato,"['kitchen counter', 'kitchen table', 'refrigerator', 'pantry', 'dining table']",0.0,0.0,0.0,0.0,0.0,0.0,0.0
tomato soup can,"['pantry', 'kitchen cupboard', 'kitchen counter', 'refrigerator', 'dining table']",0.0,0.0,0.0,0.0,0.0,0.0,0.0
toothbrush holder,"['bathroom countertop', 'bathroom cabinet', 'bedroom dresser', 'kitchen counter', 'closet shelf']",0.0,0.0,0.0,0.0,0.0,0.0,0.0
toothbrush pack,"['bathroom cabinet', 'bathroom countertop', 'bedroom closet', 'kitchen counter', 'storage closet']",0.0,0.0,0.0,0.0,0.0,0.0,0.0
towel,"['bathroom', 'laundry room', 'kitchen', 'bedroom', 'gym', 'pool area']",1.0,1.0,0.8333333333333333,0.8055555555555555,0.058823529411764705,0.11764705882352941,0.17647058823529413
towelholder,"['bathroom', 'laundry room', 'kitchen', 'bedroom']",1.0,1.0,1.0,1.0,1.0,1.0,1.0
toy,"['playroom', 'bedroom', 'living room', 'nursery', 'hallway', 'closet', 'outdoor play area']",0.0,0.0,0.0,0.0,0.0,0.0,0.0
toy airplane,"['playroom', 'bedroom', 'living room', 'toy box', 'closet', 'attic', 'garage']",1.0,1.0,1.0,0.95,0.058823529411764705,0.17647058823529413,0.23529411764705882
toy animal,"['playroom', 'bedroom', 'living room', 'nursery', 'toy box', 'closet', 'floor']",1.0,1.0,1.0,1.0,0.058823529411764705,0.17647058823529413,0.17647058823529413
toy basketball,"['playroom', 'bedroom', 'living room', 'backyard', 'garage', 'basement']",1.0,1.0,1.0,0.95,0.058823529411764705,0.17647058823529413,0.23529411764705882
toy bowling set,"['playroom', 'living room', 'basement', 'garage', 'backyard']",1.0,1.0,1.0,0.9166666666666666,0.058823529411764705,0.11764705882352941,0.17647058823529413
toy construction set,"['playroom', ""child's bedroom"", 'living room', 'family room', 'attic', 'basement', 'garage']",1.0,1.0,0.8333333333333333,0.8333333333333333,0.058823529411764705,0.11764705882352941,0.11764705882352941
toy fishing,"['playroom', 'bedroom', 'living room', 'garage', 'backyard']",1.0,1.0,1.0,1.0,0.058823529411764705,0.17647058823529413,0.23529411764705882
toy food,"['playroom', 'toy kitchen', 'play area', 'living room', 'kitchen']",1.0,1.0,1.0,0.5,0.058823529411764705,0.058823529411764705,0.17647058823529413
toy furniture set,"['playroom', ""child's bedroom"", 'living room', 'nursery', 'attic', 'basement', 'garage']",1.0,1.0,0.8333333333333333,0.8333333333333333,0.058823529411764705,0.11764705882352941,0.11764705882352941
toy instrument,"['playroom', ""child's bedroom"", 'living room', 'family room', 'closet', 'storage room']",1.0,1.0,0.8333333333333333,0.7555555555555555,0.058823529411764705,0.11764705882352941,0.17647058823529413
toy kitchen set,"['playroom', ""child's bedroom"", 'living room', 'nursery', 'play area', 'basement play space']",1.0,1.0,0.8333333333333333,0.8333333333333333,0.058823529411764705,0.11764705882352941,0.11764705882352941
toy tool kit,"['playroom', ""child's bedroom"", 'living room', 'garage', 'closet']",1.0,1.0,0.8333333333333333,0.6041666666666666,0.058823529411764705,0.11764705882352941,0.23529411764705882
toy vehicle,"['playroom', 'bedroom', 'living room', 'hallway', 'backyard']",1.0,1.0,1.0,1.0,0.058823529411764705,0.17647058823529413,0.17647058823529413
tray,"['kitchen', 'dining room', 'living room', 'coffee table', 'side table', 'outdoor patio or deck']",1.0,1.0,1.0,1.0,0.058823529411764705,0.17647058823529413,0.17647058823529413
tumbler,"['kitchen', 'dining table', 'cupboard', 'refrigerator', 'living room']",1.0,1.0,1.0,0.5,0.058823529411764705,0.058823529411764705,0.11764705882352941
tv,"['living room', 'bedroom', 'family room', 'den', 'home theater']",0.5,0.0,0.5833333333333333,0.5833333333333333,0.0,0.6666666666666666,0.6666666666666666
tvstand,"['living room', 'bedroom', 'family room', 'home office', 'basement', 'guest room']",1.0,1.0,1.0,1.0,1.0,1.0,1.0
umbrella,"['entryway', 'closet', 'porch', 'garage', 'bedroom']",0.5,0.0,0.5,0.3333333333333333,0.0,0.058823529411764705,0.17647058823529413
usb drive,"['home office', 'desk', 'computer table', 'bedroom nightstand', 'living room coffee table', 'bookshelf', 'storage closet']",1.0,1.0,1.0,1.0,0.058823529411764705,0.058823529411764705,0.058823529411764705
utensil holder,"['kitchen countertop', 'kitchen drawer', 'dining table', 'pantry', 'cupboard']",0.0,0.0,0.0,0.0,0.0,0.0,0.0
vacuumcleaner,"['basement', 'garage', 'closet', 'laundry room', 'storage room', 'hallway', 'living room']",0.0,0.0,0.0,0.0,0.0,0.0,0.0
vase,"['living room', 'dining room', 'bedroom', 'hallway', 'entryway']",1.0,1.0,1.0,1.0,0.058823529411764705,0.17647058823529413,0.17647058823529413
video game,"['living room', 'bedroom', 'home office', 'playroom', 'basement']",1.0,1.0,1.0,1.0,0.058823529411764705,0.17647058823529413,0.23529411764705882
vinyl tape,"['garage', 'workshop', 'storage closet', 'toolbox', 'basement', 'attic', 'laundry room']",1.0,1.0,1.0,1.0,0.058823529411764705,0.058823529411764705,0.058823529411764705
virtual reality viewer,"['living room', 'bedroom', 'home office', 'playroom', 'basement']",1.0,1.0,1.0,1.0,0.058823529411764705,0.17647058823529413,0.23529411764705882
wardrobe,"['bedroom', 'closet', 'hallway', 'storage room']",0.0,0.0,0.0,0.0,0.0,0.0,0.0
washcloth,"['bathroom', 'laundry room', 'kitchen', 'bedroom']",1.0,1.0,0.8333333333333333,0.5555555555555555,0.058823529411764705,0.11764705882352941,0.17647058823529413
waste basket,"['kitchen', 'bathroom', 'bedroom', 'office/study', 'living room']",1.0,1.0,1.0,0.75,0.058823529411764705,0.17647058823529413,0.23529411764705882
watch,"['nightstand', 'dresser', 'closet', 'bathroom counter', 'kitchen counter']",0.0,0.0,0.0,0.0,0.0,0.0,0.0
water bottle,"['kitchen', 'refrigerator', 'dining table', 'bedroom nightstand', 'gym or home office', 'living room coffee table']",1.0,1.0,1.0,1.0,0.058823529411764705,0.058823529411764705,0.058823529411764705
wateringcan,"['garden', 'shed', 'greenhouse', 'kitchen', 'balcony', 'patio', 'laundry room']",0.0,0.0,0.0,0.0,0.0,0.0,0.0
weight loss guide,"['bookshelf', 'nightstand', 'home office', 'kitchen counter', 'coffee table']",0.3333333333333333,0.0,0.3333333333333333,0.3333333333333333,0.0,0.058823529411764705,0.058823529411764705
whale whistle,"['beach house', ""child's bedroom"", 'toy box', 'closet', 'garage', 'attic']",0.25,0.0,0.0,0.325,0.0,0.0,0.11764705882352941
window,"['living room', 'bedroom', 'kitchen', 'bathroom', 'hallway', 'dining room']",1.0,1.0,1.0,1.0,0.25,0.75,1.0
wine glass,"['dining room', 'kitchen', 'living room', 'cupboard', 'pantry', 'wine cellar']",0.5,0.0,0.0,0.0,0.0,0.0,0.0
winebottle,"['kitchen', 'dining room', 'pantry', 'wine cellar', 'living room']",1.0,1.0,1.0,1.0,1.0,1.0,1.0
wipe warmer,"['nursery', 'bathroom', 'kitchen']",0.5,0.0,0.25,0.25,0.0,0.11764705882352941,0.11764705882352941
wireless accessory,"['living room', 'bedroom', 'home office', 'kitchen', 'entryway/hallway']",1.0,1.0,1.0,1.0,0.058823529411764705,0.17647058823529413,0.23529411764705882
xylitol sweetener,"['kitchen counter', 'pantry', 'cupboard', 'dining table', 'refrigerator']",0.0,0.0,0.0,0.0,0.0,0.0,0.0
